,Count,% Miss.,Card.,Min,1st Qrt.,Mean,Median,3rd Qrt.,Max,Std. Dev.
distanceinmiles,10286.0,0.0,48,97.32,681.24,1616.1875442349096,1459.8,2433.0,4671.36,1109.2127717323358
fuelcost,10286.0,0.0,574,2.15,4.85,5.499473070192504,5.5,6.16,9.55,0.987557976934285
linehaulcost,10286.0,0.0,9766,7.49,150.4025,830.1794118218914,326.135,771.7375,34845.53,1696.5419114427511
