,Count,% Miss.,Card.,Min,1st Qrt.,Mean,Median,3rd Qrt.,Max,Std. Dev.
distanceinmiles,500.0,0.0,45,97.32,681.24,1586.121359999999,1459.8,2238.36,4476.72,1082.9965748549935
fuelcost,500.0,0.0,287,2.62,4.82,5.476640000000004,5.48,6.16,8.34,0.9910330991481641
linehaulcost,500.0,0.0,500,18.32,181.27749999999997,958.8112399999991,363.82,829.165,19459.44,2098.5883811313984
